{"type": "metrics", "dataset": "train", "precision": 0.9487512163477133, "balanced_accuracy": 0.8046556803643321, "recall": 0.6190476190476191, "f1_score": 0.7492315573770492}
{"type": "metrics", "dataset": "test", "precision": 0.6598984771573604, "balanced_accuracy": 0.6761990716214017, "recall": 0.4092339979013641, "f1_score": 0.5051813471502591}
{"type": "cm_matrix", "dataset": "train", "true_0": {"predicted_0": 16070, "predicted_1": 158}, "true_1": {"predicted_0": 1800, "predicted_1": 2925}}
{"type": "cm_matrix", "dataset": "test", "true_0": {"predicted_0": 6671, "predicted_1": 402}, "true_1": {"predicted_0": 1126, "predicted_1": 780}}